Project,IssueCategory,staticcheck,govet,revive,gosec,errcheck
Internal 1,1,Not Covered,Not Covered,Covered,Covered,Not Covered
Internal 1,1,Not Covered,Not Covered,Covered,Covered,Not Covered
Internal 1,1,Not Covered,Not Covered,Covered,Not Covered,Not Covered
Internal 2,1,Not Covered,Not Covered,Covered,Covered,Not Covered
Internal 2,1,Not Covered,Not Covered,Not Covered,Covered,Not Covered
Internal 1,1,Not Covered,Not Covered,Not Covered,Covered,Not Covered
Internal 3,2,Covered,Not Covered,Covered,Covered,Covered
Internal 3,2,Covered,Not Covered,Not Covered,Not Covered,Not Covered
Internal 3,2,Covered,Not Covered,Covered,Not Covered,Not Covered
Internal 3,3,Not Covered,Not Covered,Covered,Not Covered,Not Covered
Internal 3,3,Not Covered,Not Covered,Covered,Not Covered,Not Covered
Internal 3,3,Not Covered,Not Covered,Covered,Not Covered,Not Covered
Internal 3,3,Not Covered,Not Covered,Covered,Not Covered,Not Covered
Internal 4,4,Covered,Not Covered,Not Covered,Not Covered,Not Covered
Internal 4,4,Covered,Not Covered,Not Covered,Not Covered,Not Covered
Internal 4,5,Not Covered,Not Covered,Covered,Not Covered,Not Covered
Internal 4,5,Not Covered,Not Covered,Covered,Not Covered,Not Covered
Hertz,6,Not Covered,Not Covered,Not Covered,Not Covered,Not Covered
geo,6,Not Covered,Not Covered,Not Covered,Not Covered,Not Covered
Snappy,6,Not Covered,Not Covered,Not Covered,Not Covered,Not Covered
Kubernetes,6,Not Covered,Not Covered,Not Covered,Not Covered,Not Covered
Pulumi,6,Covered,Not Covered,Not Covered,Not Covered,Not Covered
terraform-provider-btp,6,Covered,Not Covered,Not Covered,Not Covered,Not Covered
MessagePack Code Generator,6,Covered,Not Covered,Not Covered,Not Covered,Not Covered
Hertz,7,Not Covered,Not Covered,Not Covered,Not Covered,Not Covered
Kubernetes,7,Not Covered,Not Covered,Not Covered,Not Covered,Not Covered
Kubernetes,7,Not Covered,Not Covered,Not Covered,Not Covered,Not Covered
Telegraf,7,Not Covered,Not Covered,Covered,Not Covered,Not Covered
Telegraf,7,Not Covered,Not Covered,Covered,Not Covered,Not Covered
Telegraf,7,Not Covered,Not Covered,Covered,Not Covered,Not Covered
Hertz,8,Not Covered,Not Covered,Not Covered,Not Covered,Not Covered
Kubernetes,8,Not Covered,Not Covered,Not Covered,Not Covered,Not Covered
State Tool,8,Covered,Not Covered,Not Covered,Not Covered,Not Covered
terraform-provider-hostingde ,8,Covered,Not Covered,Not Covered,Not Covered,Not Covered
Jsoniter,9,Not Covered,Not Covered,Not Covered,Not Covered,Not Covered
syzkaller,9,Not Covered,Not Covered,Not Covered,Not Covered,Not Covered
Schematic,10,Not Covered,Not Covered,Not Covered,Not Covered,Not Covered
Schematic,10,Not Covered,Not Covered,Not Covered,Not Covered,Not Covered
Integreatly Operator,10,Not Covered,Not Covered,Not Covered,Covered,Not Covered
gotrue,10,Not Covered,Not Covered,Not Covered,Covered,Not Covered